Workbook

Sheet Indicadores
A1: Planilha Automática — Indicadores de SST (TF, TG e IA)
A3: ENTRADA DE DADOS (preencha as células amarelas)
A4: Total de empregados | B4: 127 | C4: Quantidade total de trabalhadores no setor/empresa.
A5: Nº de acidentados (com afastamento) | B5: 24 | C5: Quantidade de acidentes com afastamento no período.
A6: Dias perdidos no período (TOTAL) | B6: 240 | C6: Dias afastados por acidente (use média se variar).
A7: Horas trabalhadas por dia | B7: 12 | C7: Jornada diária já considerando o descanso, se for o caso.
A8: Dias trabalhados no mês | B8: 22 | C8: Dias efetivamente trabalhados no período.
A9: Meses avaliados | B9: 6 | C9: Quantidade de meses no período
A10: Dias debitados (opcional) | B10: 0 | C10: Use tabela de dias debitados (NBR 14280). Se não houver, deixe 0.
A11: Fator (padrão) | B11: 1000000 | C11: Padrão para TF/TG: por 1.000.000 de horas-homem. NÃO ALTERAR
A14: RESULTADOS (calculado automaticamente)
A15: Horas-Homem Trabalhadas (HHT) | B15: =IFERROR(B4*B7*B8*B9,0) -> 201168 | C15: HHT = empregados × horas/dia × dias trabalhados.
A16: Dias Perdidos | B16: =IFERROR(B6,0) -> 240 | C16: Dias perdidos = acidentados × dias afastados (média).
A17: Taxa de Frequência (TF) | B17: =IFERROR((B5*B11)/B15,0) -> 119.30327 | C17: TF = (acidentes × fator) / HHT.
A18: Taxa de Gravidade (TG) | B18: =IFERROR(((B16+B10)*B11)/B15,0) -> 1193.0327 | C18: TG = ((dias perdidos + debitados) × fator) / HHT.
A19: Índice de Acidentados (IA) | B19: =IFERROR(B5/B4,0) -> 0.18897638 | C19: IA = acidentados / total de empregados.
A22: Observações: • TF e TG normalmente usam fator 1.000.000 (NBR 14280). • 'Dias debitados' dependem da natureza/gravidade (tabela). Se não for informado, use 0.

Sheet Mensal
A1: Controle Mensal — TF, TG, IA, Acidentes sem afastamento e Quase-acidentes
A3: Parâmetros (padrão) | B3: Total empregados | C3: Horas/dia | D3: Dias trabalhados | E3: Fator | F3: Obs.
B4: 127 | C4: =Indicadores!B7 -> 12 | D4: =Indicadores!B8 -> 22 | E4: =Indicadores!B11 -> 1000000 | F4: Edite B4–E4 se seus parâmetros mudarem ao longo do ano.
A6: Mês | B6: Acid. c/ afast. | C6: Acid. s/ afast. | D6: Quase-acid. | E6: Dias perdidos | F6: Dias debitados | G6: HHT | H6: TF total | I6: TG | J6: IA | K6: Taxa quase-acid.
A7: Jan | B7: 24 | C7: 0 | D7: 0 | E7: 240 | F7: 0 | G7: =IFERROR($B$4*$C$4*$D$4*Indicadores!$B$9,0) -> 201168 | H7: =IFERROR((($B7+$C7)*$E$4)/$G7,0) -> 119.30327 | I7: =IFERROR((($E7+$F7)*$E$4)/$G7,0) -> 1193.0327 | J7: =IFERROR($B7/$B$4,0) -> 0.18897638 | K7: =IFERROR(($D7*$E$4)/$G7,0) -> 0
A8: Fev | B8: 0 | C8: 0 | D8: 0 | E8: 0 | F8: 0 | G8: =IFERROR($B$4*$C$4*$D$4*Indicadores!$B$9,0) -> 201168 | H8: =IFERROR((($B8+$C8)*$E$4)/$G8,0) -> 0 | I8: =IFERROR((($E8+$F8)*$E$4)/$G8,0) -> 0 | J8: =IFERROR($B8/$B$4,0) -> 0 | K8: =IFERROR(($D8*$E$4)/$G8,0) -> 0
A9: Mar | B9: 0 | C9: 0 | D9: 0 | E9: 0 | F9: 0 | G9: =IFERROR($B$4*$C$4*$D$4*Indicadores!$B$9,0) -> 201168 | H9: =IFERROR((($B9+$C9)*$E$4)/$G9,0) -> 0 | I9: =IFERROR((($E9+$F9)*$E$4)/$G9,0) -> 0 | J9: =IFERROR($B9/$B$4,0) -> 0 | K9: =IFERROR(($D9*$E$4)/$G9,0) -> 0
A10: Abr | B10: 0 | C10: 0 | D10: 0 | E10: 0 | F10: 0 | G10: =IFERROR($B$4*$C$4*$D$4*Indicadores!$B$9,0) -> 201168 | H10: =IFERROR((($B10+$C10)*$E$4)/$G10,0) -> 0 | I10: =IFERROR((($E10+$F10)*$E$4)/$G10,0) -> 0 | J10: =IFERROR($B10/$B$4,0) -> 0 | K10: =IFERROR(($D10*$E$4)/$G10,0) -> 0
A11: Mai | B11: 0 | C11: 0 | D11: 0 | E11: 0 | F11: 0 | G11: =IFERROR($B$4*$C$4*$D$4*Indicadores!$B$9,0) -> 201168 | H11: =IFERROR((($B11+$C11)*$E$4)/$G11,0) -> 0 | I11: =IFERROR((($E11+$F11)*$E$4)/$G11,0) -> 0 | J11: =IFERROR($B11/$B$4,0) -> 0 | K11: =IFERROR(($D11*$E$4)/$G11,0) -> 0
A12: Jun | B12: 0 | C12: 0 | D12: 0 | E12: 0 | F12: 0 | G12: =IFERROR($B$4*$C$4*$D$4*Indicadores!$B$9,0) -> 201168 | H12: =IFERROR((($B12+$C12)*$E$4)/$G12,0) -> 0 | I12: =IFERROR((($E12+$F12)*$E$4)/$G12,0) -> 0 | J12: =IFERROR($B12/$B$4,0) -> 0 | K12: =IFERROR(($D12*$E$4)/$G12,0) -> 0
A13: Jul | B13: 0 | C13: 0 | D13: 0 | E13: 0 | F13: 0 | G13: =IFERROR($B$4*$C$4*$D$4*Indicadores!$B$9,0) -> 201168 | H13: =IFERROR((($B13+$C13)*$E$4)/$G13,0) -> 0 | I13: =IFERROR((($E13+$F13)*$E$4)/$G13,0) -> 0 | J13: =IFERROR($B13/$B$4,0) -> 0 | K13: =IFERROR(($D13*$E$4)/$G13,0) -> 0
A14: Ago | B14: 0 | C14: 0 | D14: 0 | E14: 0 | F14: 0 | G14: =IFERROR($B$4*$C$4*$D$4*Indicadores!$B$9,0) -> 201168 | H14: =IFERROR((($B14+$C14)*$E$4)/$G14,0) -> 0 | I14: =IFERROR((($E14+$F14)*$E$4)/$G14,0) -> 0 | J14: =IFERROR($B14/$B$4,0) -> 0 | K14: =IFERROR(($D14*$E$4)/$G14,0) -> 0
A15: Set | B15: 0 | C15: 0 | D15: 0 | E15: 0 | F15: 0 | G15: =IFERROR($B$4*$C$4*$D$4*Indicadores!$B$9,0) -> 201168 | H15: =IFERROR((($B15+$C15)*$E$4)/$G15,0) -> 0 | I15: =IFERROR((($E15+$F15)*$E$4)/$G15,0) -> 0 | J15: =IFERROR($B15/$B$4,0) -> 0 | K15: =IFERROR(($D15*$E$4)/$G15,0) -> 0
A16: Out | B16: 0 | C16: 0 | D16: 0 | E16: 0 | F16: 0 | G16: =IFERROR($B$4*$C$4*$D$4*Indicadores!$B$9,0) -> 201168 | H16: =IFERROR((($B16+$C16)*$E$4)/$G16,0) -> 0 | I16: =IFERROR((($E16+$F16)*$E$4)/$G16,0) -> 0 | J16: =IFERROR($B16/$B$4,0) -> 0 | K16: =IFERROR(($D16*$E$4)/$G16,0) -> 0
A17: Nov | B17: 0 | C17: 0 | D17: 0 | E17: 0 | F17: 0 | G17: =IFERROR($B$4*$C$4*$D$4*Indicadores!$B$9,0) -> 201168 | H17: =IFERROR((($B17+$C17)*$E$4)/$G17,0) -> 0 | I17: =IFERROR((($E17+$F17)*$E$4)/$G17,0) -> 0 | J17: =IFERROR($B17/$B$4,0) -> 0 | K17: =IFERROR(($D17*$E$4)/$G17,0) -> 0
A18: Dez | B18: 0 | C18: 0 | D18: 0 | E18: 0 | F18: 0 | G18: =IFERROR($B$4*$C$4*$D$4*Indicadores!$B$9,0) -> 201168 | H18: =IFERROR((($B18+$C18)*$E$4)/$G18,0) -> 0 | I18: =IFERROR((($E18+$F18)*$E$4)/$G18,0) -> 0 | J18: =IFERROR($B18/$B$4,0) -> 0 | K18: =IFERROR(($D18*$E$4)/$G18,0) -> 0

Sheet Gráficos
